iteration,est_theta_deg,corner_theta_deg,est_distance_cm,est_position_error_cm,est_orientation_error_deg,est_pointing_err_deg,method,alignment_score,true_theta_deg,true_distance_cm,true_pointing_err_deg
0,22.375084201391033,22.375084201391033,99.8895719809846,38.78293922710852,22.393344413736937,0.018393227938920047,corners,,22.5,100.0,0.0
1,20.431903026461896,20.431903026461896,99.9542332878602,35.46649332204823,20.124297744568526,0.31585176741657883,corners,,20.381172258445563,100.05630052909606,0.3272526056376172
2,18.337898597748193,18.337898597748193,100.03939943913123,31.875938249434558,17.886209405856444,0.452695455608005,corners,,18.279736365770663,100.13593290147006,0.4571310750319382
3,16.24476620765878,16.24476620765878,99.97551520632172,28.267680586601237,15.9100719609756,0.34294302250848746,corners,,16.154131046049926,100.07375207166638,0.3449563943007767
4,14.188487727596211,14.188487727596211,99.93904180239046,24.695311860761095,13.720557226350675,0.4697170900860859,corners,,14.077844008416733,100.03240315858876,0.4658158579858038
5,12.249233611456352,12.249233611456352,100.03161609297051,21.35928456980377,11.915399976519035,0.3497145699796554,corners,,11.977652425723493,100.12277997829206,0.34327392481444174
6,9.903415374577751,9.903415374577751,100.0130311961746,17.319606094351453,9.6408375252528,0.31664127730858765,corners,,9.817370374240145,100.11749685168596,0.32471548004114487
7,7.881215817940685,7.881215817940685,99.95554693810458,13.742599144961515,7.599904783780174,0.30461313053733313,corners,,7.6978390319933085,100.04787612942157,0.297108707650139
8,5.589659683552209,5.589659683552209,100.0373545344628,9.7644211859345,5.198343142495565,0.4212155336875293,corners,,5.547460143813185,100.13403583595695,0.41534708209000837
9,4.00779594359494,4.00779594359494,99.92424385672787,7.283275942754107,3.81137530475428,0.3855695678949771,corners,,3.409705052749373,100.02679991957629,0.3641633452723187
10,1.7876625968783932,1.7876625968783932,99.98358002015864,4.489926757676275,2.1736092326467507,0.4079537608432836,corners,,1.3123970528911693,100.13543145553594,0.3491975990979942
11,1.7790393925890464,1.7790393925890464,99.99318462967284,4.731287043885797,2.6673139426995154,0.3810931907815321,corners,,-0.22432879178739323,100.13403770710235,0.3237483346069369
12,-2.844906595339138,-2.844906595339138,99.94340879468665,6.421731666849729,4.034731290330574,0.3534286900472807,corners,,-1.7144916121845324,100.11093678257663,0.45553840633889936
13,1.1191632542305872,1.1191632542305872,99.99563693906657,4.8242985914150225,3.1652741772829476,0.47806826901869764,corners,,0.37623738356170267,100.09861261916161,0.5022200996786133
14,-0.847652899269845,-0.847652899269845,99.94828082167402,1.5942273242046838,1.1790333059293676,0.3372673030496141,corners,,-0.5836086541531721,100.04106442635843,0.3610769425542431
15,1.7596078272620592,1.7596078272620592,99.88771036898683,5.595529292795942,3.2229601066475526,0.08601641856850717,corners,,0.09764785085808095,100.04644038278153,0.14121761154203505
16,-1.9157135801537353,-1.9157135801537353,99.93235632217768,5.436523018285701,3.4716706755810693,0.355595805113761,corners,,-1.41706168396036,100.05117908275334,0.38697830362754726
17,3.0129403369248906,3.0129403369248906,99.86763203220447,8.236851782147413,4.4431930011331815,0.6099903399133436,corners,,0.2361843980800884,100.11631282433444,0.5221792144047355
18,-1.9771175785897066,-1.9771175785897066,100.13137972239412,6.344275023733384,4.18989599891875,0.5573985779775503,corners,,-1.8816347187186941,100.22323396583795,0.5562394040836889
19,-3.32103766625914,-3.32103766625914,99.9486722254107,6.051114238706057,3.1530093352715807,0.5807649192009495,corners,,-0.1846274827044009,100.09802463584536,0.5302316947056237
20,2.476266058304938,2.476266058304938,100.02407601852819,5.473542884621795,3.362189516095913,0.2244731521358076,corners,,1.9064845205024987,100.15336395569159,0.24986609786682779
21,-2.539210978232453,-2.539210978232453,99.97021386238082,6.5611418791069775,4.069145093768589,0.32649478236398155,corners,,-0.15369241281254617,100.19428249647059,0.45463843974425483
22,1.848610927229218,1.848610927229218,100.14568672728151,4.619521377234712,2.974136045982632,0.3323782134067305,corners,,1.9880221363663568,100.2255668621132,0.31787417927597866
23,0.01787831834136972,0.01787831834136972,99.9610464362031,6.344642053272755,3.189268389270333,0.5455709012888335,corners,,0.41787443037533695,100.13011774865399,0.4593099201707402
24,0.9777935569210799,0.9777935569210799,99.98826808251413,6.26161567725115,4.021611122386148,0.4907162319936802,corners,,0.4375764436584303,100.09449597165344,0.5150932338976287
25,1.2223769728436709,1.2223769728436709,99.97809811797364,2.154315698708475,1.001401419740111,0.519211387512586,corners,,-0.3716278126224615,100.08487817485833,0.4691178870053755
26,-1.191230423380952,-1.191230423380952,99.89741065577782,2.1748162915461084,1.285605078022593,0.049853071182622506,corners,,-1.4145693466534208,99.99978568991381,0.046756087366210695
27,-1.9821354478215818,-1.9821354478215818,99.88671774358428,4.847447930963554,2.5966355047599885,0.23834366133471077,corners,,-0.4288136207041672,100.03901137145283,0.1731375075647513
28,2.3398462689273583,2.3398462689273583,100.01632685534295,5.499026745491911,3.3982796608996306,0.28077631256142116,corners,,1.2926468727717495,100.15596388490546,0.3408287554444482
29,0.9161802163207798,0.9161802163207798,100.10116303801075,2.4318585442316274,1.537885919252456,0.5694242647468315,corners,,-0.6644752641750347,100.19245994534027,0.5322859489885119
