run,method,motion_gain,status,iterations,final_true_angle_deg,final_true_distance_cm,final_estimate_error_deg,final_position_error_cm,final_pointing_error_deg,max_radius_deviation_cm
0,dense refinement,0.817,converged,17,-0.07667807546329619,100.01465253840935,0.0326902073556011,0.13870021674983507,0.07714024797124959,0.0895536185692265
0,corner PnP only,0.817,not_converged,30,-1.4491170542144567,100.15434270042539,-1.2441435298440635,2.6712609968892695,0.36010973045933964,0.22654430750590393
1,dense refinement,0.727,converged,17,0.030888872040548732,99.97611512338258,-0.0074503468298820485,0.07368010768846923,0.07547121677561902,0.1472306910967376
1,corner PnP only,0.727,not_converged,30,-0.5528553819497903,100.09305405142024,-0.316609002449169,1.2037345237569137,0.4291618773484134,0.19500419308714356
2,dense refinement,1.069,converged,12,-0.00024809250565493236,100.08524115228614,0.015462480620547054,0.08525463960571505,0.09863316763881916,0.08524115228614448
2,corner PnP only,1.069,not_converged,30,2.131277210888771,100.17037064452875,0.24250550653571024,4.7126816515235195,0.2692515805467512,0.3181705392541119
3,dense refinement,0.96,converged,13,0.018369979587046437,99.96073014353736,0.006472723463220205,0.054196859298275966,0.08685938984973693,0.09726532341468896
3,corner PnP only,0.96,not_converged,30,-2.670402383970349,100.18068503875391,0.21827948638425898,5.58899754213188,0.11530617017842545,0.23299955539093276
4,dense refinement,0.719,converged,16,0.05638361063057903,99.95440518092079,-0.008375496453361185,0.11086780759492645,0.06823418714243135,0.12642848716083677
4,corner PnP only,0.719,not_converged,30,-0.22096748534380972,100.11259723472381,0.16561732769687354,0.7987190834499626,0.3376001047014358,0.24154239025415336
5,dense refinement,0.976,converged,13,-0.004909213818833536,99.96148602472593,-0.018905633763017664,0.04984593878756072,0.01818976163959718,0.0865725156737085
5,corner PnP only,0.976,not_converged,30,2.066503429320025,100.23847036742951,-0.07910797680692849,5.213786695488496,0.08876533972266575,0.336210980142468
6,dense refinement,0.953,converged,13,0.02552967607444126,100.0300450432378,-0.003430872687102817,0.056859844034556815,0.0638639883758822,0.07855628998676423
6,corner PnP only,0.953,not_converged,30,0.3539802202927881,100.1038882202867,-2.046993280227828,0.8371930783566622,0.10880788667972265,0.37023994300044194
7,dense refinement,0.859,converged,14,0.010576467406048624,100.03280632723586,-0.014121297230485243,0.05161269673280877,0.021948782760718172,0.14197258486316855
7,corner PnP only,0.859,not_converged,30,0.08414094353148571,100.07138174579723,1.9308525853742375,1.464461199171524,0.16474560984082368,0.2512818519612239
