x,y,w,h,crop_std,status,loc_err_px,score,plan_status,n_steps,optimal_steps,goal_reached
195,49,65,106,69.191,ok,0.0,1.0,ok,11,11,True
324,130,195,70,31.874,ok,0.0,1.0,ok,40,40,True
157,182,222,207,88.214,ok,0.0,0.9999999403953552,ok,11,11,True
304,18,108,77,48.941,ambiguous,,1.0,ambiguous,0,0,
142,95,72,170,74.535,ok,0.0,1.0,already_visible,0,0,True
247,126,95,161,71.484,ambiguous,,1.0,ambiguous,0,0,
277,78,74,161,66.157,ambiguous,,1.0,ambiguous,0,0,
472,246,129,172,61.166,ambiguous,,1.0,ambiguous,0,0,
255,243,244,179,65.687,ok,0.0,1.0,ok,30,30,True
208,244,231,81,73.715,ambiguous,,1.0,ambiguous,0,0,
374,268,213,235,50.706,ok,0.0,1.0,ok,39,39,True
247,448,192,96,40.965,ambiguous,,1.0,ambiguous,0,0,
196,258,214,254,63.556,ok,0.0,0.9999989867210388,ok,21,21,True
280,388,249,157,50.724,ambiguous,,0.999997615814209,ambiguous,0,0,
95,178,251,161,89.267,ok,0.0,1.0,ok,8,8,True
79,260,191,90,59.58,ambiguous,,1.0,ambiguous,0,0,
177,223,99,70,78.17,ambiguous,,0.9999997615814209,ambiguous,0,0,
322,232,76,240,73.15,ok,0.0,1.0,ok,52,52,True
351,168,113,200,55.917,ok,0.0,1.0,ok,30,30,True
85,171,114,170,66.775,ok,0.0,1.0,already_visible,0,0,True
22,196,182,121,67.36,ok,0.0,0.999999463558197,ok,21,21,True
99,95,181,224,84.956,ok,0.0,0.999999463558197,already_visible,0,0,True
461,134,72,252,49.187,ambiguous,,1.0,ambiguous,0,0,
347,403,71,107,45.549,ambiguous,,1.0,ambiguous,0,0,
100,243,220,115,72.34,ok,0.0,0.9999992847442627,ok,12,12,True
352,93,233,227,54.902,ok,0.0,1.0,ok,20,20,True
314,63,160,137,45.198,ambiguous,,1.0,ambiguous,0,0,
394,129,84,150,0.0,featureless,,,featureless,0,0,
253,44,227,180,51.641,ok,0.0,0.9999976754188538,ok,17,17,True
495,258,70,233,44.283,ok,0.0,0.9999969601631165,ok,113,113,True
9,9,228,142,72.253,ok,0.0,0.9999994039535522,ok,15,15,True
311,71,87,232,70.426,ok,0.0,0.9999990463256836,ok,29,29,True
156,289,254,108,68.933,ok,0.0,1.0,ok,21,21,True
185,260,146,233,64.514,ok,0.0,1.0,ok,29,29,True
24,240,137,92,54.981,ambiguous,,1.0,ambiguous,0,0,
50,177,146,209,60.96,ok,0.0,0.9999998807907104,ok,16,16,True
383,426,174,80,42.231,ok,0.0,0.9999978542327881,ok,113,113,True
99,156,173,146,86.147,ok,0.0,0.9999997019767761,ok,6,6,True
415,377,61,103,43.523,ambiguous,,1.0,ambiguous,0,0,
231,269,162,80,68.114,ambiguous,,0.999999463558197,ambiguous,0,0,
200,430,200,95,43.755,ambiguous,,1.0,ambiguous,0,0,
232,317,157,137,68.692,ok,0.0,0.9999995231628418,ok,46,46,True
204,168,189,145,89.694,ok,0.0,1.0,ok,19,19,True
297,289,161,85,71.873,ok,0.0,0.9999994039535522,ok,54,54,True
260,288,234,191,58.624,ok,0.0,0.9999997615814209,ok,34,34,True
265,160,163,248,72.917,ok,0.0,1.0,ok,24,24,True
417,234,161,178,43.231,ambiguous,,1.0,ambiguous,0,0,
366,187,209,246,45.38,ok,0.0,0.9999988675117493,ok,31,31,True
316,179,229,196,62.483,ok,0.0,1.0,ok,27,27,True
464,350,82,136,47.84,ok,0.0,0.9999993443489075,ok,112,112,True
314,226,107,207,69.697,ok,0.0,0.9999991059303284,ok,35,35,True
416,40,155,173,41.262,ok,0.0,0.9999985694885254,ok,42,42,True
183,18,225,168,65.646,ok,0.0,1.0,ok,14,14,True
362,92,237,193,57.007,ok,0.0,1.0,ok,25,25,True
400,247,152,244,43.29,ok,0.0,0.999998927116394,ok,55,55,True
292,269,89,255,66.493,ok,0.0,0.9999986290931702,ok,46,46,True
392,24,104,227,42.816,ok,0.0,1.0,ok,40,40,True
283,167,114,254,76.69,ok,0.0,1.0,ok,18,18,True
427,308,111,223,44.44,ok,0.0,1.0,ok,68,68,True
218,32,160,132,47.773,ambiguous,,1.0,ambiguous,0,0,
498,32,78,138,26.108,ok,0.0,0.9999932050704956,ok,83,83,True
26,286,173,192,51.528,ok,0.0,0.9999992251396179,ok,26,26,True
222,281,174,181,72.131,ok,0.0,0.9999991655349731,ok,31,31,True
254,239,126,184,74.779,ok,0.0,1.0,ok,41,41,True
234,46,107,69,0.0,featureless,,,featureless,0,0,
291,303,180,224,52.645,ok,0.0,0.9999983310699463,ok,40,40,True
470,123,100,133,47.547,ambiguous,,1.0,ambiguous,0,0,
352,188,107,239,51.968,ok,0.0,1.0,ok,35,35,True
327,158,89,177,75.004,ok,0.0,0.9999994039535522,ok,32,32,True
292,442,253,62,5.866,ok,0.0,1.0,ok,121,121,True
224,208,75,164,80.663,ok,0.0,1.0,ok,20,20,True
313,221,225,243,59.112,ok,0.0,0.9999998807907104,ok,27,27,True
143,48,92,98,75.214,ok,0.0,0.9999992847442627,ok,7,7,True
47,68,248,108,74.643,ok,0.0,1.0,ok,1,1,True
128,25,120,226,86.717,ok,0.0,1.0,ok,1,1,True
149,120,167,86,69.709,ok,0.0,0.9999996423721313,already_visible,0,0,True
386,218,204,256,50.442,ok,0.0,1.0,ok,36,36,True
486,12,113,71,65.188,ambiguous,,0.9999988079071045,ambiguous,0,0,
154,105,156,117,87.362,ok,0.0,0.9999999403953552,already_visible,0,0,True
33,304,191,165,48.072,ok,0.0,1.0,ok,26,26,True
310,379,164,70,36.801,ambiguous,,1.0,ambiguous,0,0,
343,80,195,104,46.771,ok,0.0,1.0,ok,31,31,True
202,80,131,258,85.733,ok,0.0,1.0,ok,12,12,True
343,151,171,245,53.559,ok,0.0,0.9999992251396179,ok,31,31,True
244,154,60,78,75.514,ambiguous,,1.0,ambiguous,0,0,
330,377,67,104,43.561,ambiguous,,1.0,ambiguous,0,0,
171,153,136,167,98.154,ok,0.0,0.9999995231628418,ok,13,13,True
329,184,155,234,57.454,ok,0.0,0.9999982118606567,ok,36,36,True
78,13,247,170,75.633,ok,0.0,1.0,ok,7,7,True
24,356,202,74,48.2,ambiguous,,1.0,ambiguous,0,0,
206,360,218,112,39.877,ambiguous,,0.999998152256012,ambiguous,0,0,
440,437,101,63,39.388,ambiguous,,1.0,ambiguous,0,0,
179,378,165,158,41.792,ambiguous,,1.0,ambiguous,0,0,
98,66,202,149,85.166,ok,0.0,1.0,ok,3,3,True
155,244,196,126,74.178,ok,0.0,1.0,ok,26,26,True
23,235,231,252,54.147,ok,0.0,0.9999990463256836,ok,11,11,True
173,407,210,76,49.593,ambiguous,,1.0,ambiguous,0,0,
124,326,254,161,53.288,ok,0.0,0.9999997019767761,ok,27,27,True
18,45,206,117,73.784,ok,0.0,0.9999992847442627,ok,3,3,True
241,285,183,246,59.505,ok,0.0,1.0,ok,32,32,True
358,440,92,109,47.5,ambiguous,,1.0,ambiguous,0,0,
376,178,166,191,41.383,ok,0.0,0.9999993443489075,ok,39,39,True
76,446,116,67,0.0,featureless,,,featureless,0,0,
291,99,225,153,59.129,ok,0.0,1.0,ok,22,22,True
465,171,70,180,50.257,ambiguous,,1.0,ambiguous,0,0,
373,142,142,70,32.372,ok,0.0,0.9999982714653015,ok,54,54,True
325,326,243,149,49.37,ok,0.0,0.9999994039535522,ok,56,56,True
290,201,70,167,51.932,ambiguous,,1.0,ambiguous,0,0,
125,411,109,139,54.013,ambiguous,,1.0,ambiguous,0,0,
95,45,237,86,47.89,ok,0.0,0.9999974370002747,ok,11,11,True
287,276,81,244,63.34,ambiguous,,1.0,ambiguous,0,0,
137,177,192,159,93.894,ok,0.0,0.9999999403953552,ok,10,10,True
251,26,143,203,60.305,ok,0.0,0.9999991655349731,ok,20,20,True
273,300,247,86,66.388,ok,0.0,0.9999998211860657,ok,50,50,True
342,321,183,123,48.552,ok,0.0,0.9999997615814209,ok,70,70,True
53,342,249,93,42.453,ok,0.0,0.9999985694885254,ok,36,36,True
46,96,162,72,84.081,ok,0.0,0.9999995231628418,ok,3,3,True
323,105,178,224,60.872,ok,0.0,1.0,ok,23,23,True
226,155,78,204,89.668,ok,0.0,0.9999999403953552,ok,11,11,True
130,93,98,255,67.595,ok,0.0,1.0,already_visible,0,0,True
167,493,107,60,58.589,ambiguous,,1.0,ambiguous,0,0,
211,262,108,123,78.333,ok,0.0,0.9999991655349731,ok,21,21,True
69,168,156,77,83.277,ok,0.0,0.9999998807907104,already_visible,0,0,True
257,125,73,97,63.456,ambiguous,,1.0,ambiguous,0,0,
149,217,112,130,67.796,ok,0.0,1.0,ok,8,8,True
70,318,159,137,44.335,ok,0.0,1.0,ok,33,33,True
444,214,154,162,57.358,ambiguous,,1.0,ambiguous,0,0,
54,326,187,103,40.558,ok,0.0,1.0,ok,30,30,True
236,298,223,210,58.192,ok,0.0,1.0,ok,29,29,True
193,241,75,142,71.327,ok,0.0,1.0,ok,21,21,True
73,284,233,182,56.249,ok,0.0,0.9999998211860657,ok,19,19,True
98,411,172,81,49.658,ok,0.0,0.9999992847442627,ok,59,59,True
102,154,193,224,83.597,ok,0.0,0.9999997019767761,ok,4,4,True
60,178,238,258,69.682,ok,0.0,0.9999999403953552,ok,6,6,True
238,348,146,77,40.803,ok,0.0,1.0,ok,59,59,True
383,151,67,62,0.232,featureless,,,featureless,0,0,
176,402,231,125,43.515,ambiguous,,1.0,ambiguous,0,0,
202,99,155,180,87.528,ok,0.0,0.9999995231628418,ok,10,10,True
123,113,141,122,77.946,ok,0.0,0.9999998807907104,ok,1,1,True
207,25,102,235,79.299,ok,0.0,1.0,ok,5,5,True
272,155,235,84,62.579,ok,0.0,0.9999995827674866,ok,21,21,True
135,153,237,194,94.686,ok,0.0,1.0,ok,6,6,True
434,236,80,246,45.238,ok,0.0,0.9999991655349731,ok,78,78,True
111,180,175,130,88.685,ok,0.0,0.9999997615814209,ok,10,10,True
46,344,148,169,41.712,ok,0.0,1.0,ok,38,38,True
204,231,169,251,70.159,ok,0.0,0.9999990463256836,ok,24,24,True
52,81,159,141,87.79,ok,0.0,1.0,ok,8,8,True
359,82,85,236,52.714,ok,0.0,1.0,ok,41,41,True
369,102,107,63,46.775,ambiguous,,1.0,ambiguous,0,0,
455,377,68,177,55.473,ok,0.0,0.9999992847442627,ok,140,140,True
231,375,244,108,43.29,ambiguous,,1.0,ambiguous,0,0,
338,36,224,170,44.057,ok,0.0,1.0,ok,30,30,True
180,442,214,71,6.01,ambiguous,,1.0,ambiguous,0,0,
141,13,112,229,93.291,ok,0.0,1.0,already_visible,0,0,True
344,12,169,64,57.761,ambiguous,,1.0,ambiguous,0,0,
139,249,93,81,0.0,featureless,,,featureless,0,0,
62,257,114,167,44.494,ambiguous,,1.0,ambiguous,0,0,
257,145,185,219,74.015,ok,0.0,0.9999997019767761,ok,19,19,True
205,1,134,234,78.1,ok,0.0,0.9999998211860657,ok,13,13,True
59,310,124,112,43.521,ambiguous,,1.0,ambiguous,0,0,
363,148,180,95,43.945,ok,0.0,0.9999977350234985,ok,38,38,True
188,380,172,64,33.013,ambiguous,,1.0,ambiguous,0,0,
395,315,144,162,44.738,ok,0.0,0.9999982714653015,ok,66,66,True
371,128,207,214,44.964,ok,0.0,1.0,ok,26,26,True
177,304,83,233,48.61,ok,0.0,0.9999984502792358,ok,31,31,True
47,28,241,139,66.815,ok,0.0,1.0,ok,11,11,True
199,211,254,96,76.377,ambiguous,,1.0,ambiguous,0,0,
50,121,100,164,62.18,ok,0.0,1.0,ok,8,8,True
459,243,90,150,47.622,ambiguous,,1.0,ambiguous,0,0,
503,348,81,186,44.86,ambiguous,,1.0,ambiguous,0,0,
180,129,107,195,95.84,ok,0.0,1.0,already_visible,0,0,True
192,278,259,235,58.554,ok,0.0,1.0,ok,20,20,True
241,338,172,95,49.686,ok,0.0,1.0,ok,47,47,True
92,124,75,249,67.215,ok,0.0,0.9999997615814209,ok,6,6,True
152,392,93,117,44.636,ambiguous,,1.0,ambiguous,0,0,
270,273,223,170,62.961,ok,0.0,0.9999996423721313,ok,37,37,True
251,132,226,125,62.167,ok,0.0,0.9999998807907104,ok,24,24,True
238,324,78,120,68.131,ambiguous,,1.0,ambiguous,0,0,
8,126,222,221,81.037,ok,0.0,0.9999996423721313,ok,3,3,True
7,347,198,120,57.947,ok,0.0,1.0,ok,29,29,True
98,375,119,65,42.34,ambiguous,,1.0,ambiguous,0,0,
208,231,100,75,72.735,ambiguous,,1.0,ambiguous,0,0,
360,290,207,124,45.704,ok,0.0,1.0,ok,67,67,True
220,205,254,155,76.836,ok,0.0,0.9999988675117493,ok,25,25,True
227,327,155,130,64.53,ok,0.0,1.0,ok,49,49,True
5,242,170,153,59.001,ambiguous,,1.0,ambiguous,0,0,
410,223,161,86,40.93,ambiguous,,1.0,ambiguous,0,0,
83,37,179,230,82.282,ok,0.0,1.0,already_visible,0,0,True
1,268,137,179,62.373,ambiguous,,1.0,ambiguous,0,0,
268,206,150,228,72.25,ok,0.0,0.9999995827674866,ok,32,32,True
255,268,114,124,71.11,ambiguous,,1.0,ambiguous,0,0,
249,148,210,201,71.186,ok,0.0,0.9999997615814209,ok,17,17,True
204,46,167,187,73.163,ok,0.0,0.9999997019767761,ok,11,11,True
118,277,134,168,43.286,ok,0.0,1.0,ok,25,25,True
292,318,210,128,54.888,ok,0.0,1.0,ok,59,59,True
10,32,119,128,52.232,ok,0.0,0.9999991059303284,ok,13,13,True
40,212,256,101,69.598,ok,0.0,0.9999998807907104,ok,8,8,True
367,17,206,170,50.397,ok,0.0,0.9999980926513672,ok,35,35,True
198,165,104,176,95.179,ok,0.0,0.9999998211860657,ok,3,3,True
52,112,179,157,82.413,ok,0.0,1.0,ok,2,2,True
103,277,210,104,66.965,ok,0.0,1.0,ok,20,20,True
208,226,150,71,63.182,ambiguous,,1.0,ambiguous,0,0,
475,168,77,251,50.18,ambiguous,,1.0,ambiguous,0,0,
106,354,256,116,45.159,ok,0.0,0.9999998211860657,ok,31,31,True
229,140,253,255,70.057,ok,0.0,1.0,ok,11,11,True
403,218,188,247,52.167,ok,0.0,1.0,ok,41,41,True
115,175,131,127,69.357,ok,0.0,0.9999999403953552,ok,10,10,True
478,244,94,144,46.707,ambiguous,,1.0,ambiguous,0,0,
419,166,61,107,0.0,featureless,,,featureless,0,0,
35,405,211,81,47.49,ok,0.0,0.9999997019767761,ok,57,57,True
244,342,114,93,49.559,ambiguous,,1.0,ambiguous,0,0,
46,300,198,158,46.498,ok,0.0,0.9999980926513672,ok,25,25,True
172,29,156,208,83.069,ok,0.0,1.0,ok,7,7,True
100,335,245,201,48.778,ok,0.0,1.0,ok,22,22,True
144,295,143,89,60.95,ok,0.0,0.9999992847442627,ok,27,27,True
339,439,159,116,51.774,ambiguous,,1.0,ambiguous,0,0,
307,79,233,187,55.786,ok,0.0,1.0,ok,20,20,True
258,57,258,64,20.67,ambiguous,,0.9999902248382568,ambiguous,0,0,
411,34,136,75,0.107,featureless,,,featureless,0,0,
65,90,114,217,72.946,ok,0.0,0.9999995827674866,ok,2,2,True
388,23,64,211,44.627,ambiguous,,0.9999998807907104,ambiguous,0,0,
371,246,165,77,44.937,ambiguous,,1.0,ambiguous,0,0,
212,369,131,153,42.005,ambiguous,,1.0,ambiguous,0,0,
153,263,161,237,58.93,ok,0.0,0.9999997615814209,ok,23,23,True
110,74,252,239,87.372,ok,0.0,1.0,already_visible,0,0,True
293,112,99,78,35.657,ambiguous,,1.0,ambiguous,0,0,
64,139,178,183,76.223,ok,0.0,0.9999996423721313,ok,4,4,True
137,162,257,170,94.078,ok,0.0,1.0,ok,8,8,True
381,235,63,192,1.305,featureless,,,featureless,0,0,
79,70,75,201,67.046,ok,0.0,1.0,ok,9,9,True
293,47,107,145,42.334,ambiguous,,1.0,ambiguous,0,0,
252,6,223,141,57.849,ambiguous,,1.0,ambiguous,0,0,
15,199,229,185,65.613,ok,0.0,0.9999996423721313,ok,10,10,True
396,72,116,167,44.808,ok,0.0,1.0,ok,37,37,True
250,189,173,171,78.422,ok,0.0,1.0,ok,24,24,True
199,296,248,146,64.525,ok,0.0,0.9999996423721313,ok,36,36,True
120,50,100,78,51.326,ambiguous,,0.9999991655349731,ambiguous,0,0,
370,393,210,136,44.628,ok,0.0,0.999999463558197,ok,78,78,True
266,345,92,135,52.826,ambiguous,,1.0,ambiguous,0,0,
326,296,98,218,56.513,ok,0.0,0.9999985694885254,ok,54,54,True
363,315,170,193,46.699,ok,0.0,1.0,ok,52,52,True
23,1,173,221,84.275,ok,0.0,1.0,ok,8,8,True
4,285,67,203,63.19,ambiguous,,1.0,ambiguous,0,0,
271,226,87,246,70.0,ambiguous,,1.0,ambiguous,0,0,
337,14,156,68,54.793,ambiguous,,1.0,ambiguous,0,0,
134,120,171,146,92.65,ok,0.0,1.0,ok,3,3,True
308,129,125,169,67.379,ok,0.0,1.0,ok,33,33,True
104,30,222,194,82.071,ok,0.0,1.0,ok,2,2,True
483,286,104,173,58.238,ambiguous,,0.9999990463256836,ambiguous,0,0,
128,195,193,241,73.316,ok,0.0,1.0,ok,10,10,True
210,80,177,187,79.531,ok,0.0,1.0,ok,10,10,True
290,92,225,241,64.146,ok,0.0,0.999998927116394,ok,15,15,True
165,190,165,246,79.32,ok,0.0,1.0,ok,14,14,True
0,235,169,194,60.357,ok,2.0,1.0,ok,23,23,True
141,59,234,212,87.224,ok,0.0,1.0,ok,2,2,True
40,320,255,106,48.397,ok,0.0,0.9999982714653015,ok,28,28,True
48,161,198,136,78.227,ok,0.0,1.0,ok,7,7,True
202,233,91,88,75.921,ambiguous,,1.0,ambiguous,0,0,
263,271,160,232,63.679,ok,0.0,1.0,ok,38,38,True
492,84,95,205,57.918,ambiguous,,0.9999999403953552,ambiguous,0,0,
192,85,169,228,87.14,ok,0.0,1.0,ok,8,8,True
164,241,231,125,77.854,ok,0.0,0.9999998211860657,ok,27,27,True
392,316,103,241,49.052,ambiguous,,0.9999992847442627,ambiguous,0,0,
384,280,140,125,33.435,ambiguous,,0.9999992251396179,ambiguous,0,0,
229,261,157,80,66.676,ambiguous,,1.0,ambiguous,0,0,
34,270,82,153,35.063,ambiguous,,1.0,ambiguous,0,0,
35,209,254,171,65.754,ok,0.0,0.9999994039535522,ok,11,11,True
253,313,76,180,63.459,ambiguous,,0.9999992251396179,ambiguous,0,0,
156,243,132,70,69.823,ambiguous,,1.0,ambiguous,0,0,
295,387,151,85,45.176,ambiguous,,1.0,ambiguous,0,0,
96,402,135,75,51.286,ok,0.0,0.9999999403953552,ok,61,61,True
366,144,211,121,44.684,ok,0.0,0.9999985694885254,ok,45,45,True
10,85,66,92,61.434,ambiguous,,1.0,ambiguous,0,0,
361,177,129,93,43.08,ok,0.0,0.9999997019767761,ok,39,39,True
27,237,175,161,49.07,ambiguous,,1.0,ambiguous,0,0,
174,39,93,255,87.5,ok,0.0,1.0,already_visible,0,0,True
542,160,61,189,63.776,ambiguous,,1.0,ambiguous,0,0,
287,263,209,184,61.305,ok,0.0,1.0,ok,34,34,True
278,284,231,221,57.544,ok,0.0,0.9999995827674866,ok,30,30,True
411,258,93,234,41.974,ok,0.0,1.0,ok,67,67,True
140,227,102,225,35.683,ok,0.0,1.0,ok,10,10,True
215,3,163,200,67.404,ok,0.0,0.9999998211860657,ok,17,17,True
112,82,178,175,88.092,ok,0.0,0.9999996423721313,already_visible,0,0,True
221,281,86,164,75.542,ok,0.0,0.9999988079071045,ok,34,34,True
287,36,102,162,47.274,ambiguous,,0.9999994039535522,ambiguous,0,0,
349,142,153,194,52.905,ok,0.0,0.9999979138374329,ok,34,34,True
106,262,250,246,60.058,ok,0.0,1.0,ok,12,12,True
214,101,235,256,77.766,ok,0.0,1.0,ok,8,8,True
62,297,145,256,49.541,ok,0.0,0.9999996423721313,ok,31,31,True
76,307,80,187,48.017,ok,0.0,0.9999995231628418,ok,41,41,True
274,171,203,250,66.123,ok,0.0,1.0,ok,21,21,True
104,332,190,173,49.671,ok,0.0,1.0,ok,25,25,True
5,141,158,136,78.459,ok,0.0,0.9999996423721313,ok,17,17,True
154,10,116,88,50.279,ambiguous,,1.0,ambiguous,0,0,
128,119,80,102,43.208,ok,0.0,1.0,already_visible,0,0,True
425,219,149,202,42.175,ambiguous,,1.0,ambiguous,0,0,
205,261,117,196,71.998,ok,0.0,1.0,ok,19,19,True
121,473,229,81,51.05,ambiguous,,1.0,ambiguous,0,0,
186,54,99,214,88.229,ok,0.0,0.999999463558197,ok,1,1,True
46,363,209,162,41.148,ok,0.0,0.9999996423721313,ok,31,31,True
