noise,tol,run,status,iterations,pos_err_cm,pointing_deg,theta_deg,false_success
0.05,0.1,0,converged,13,0.0653670880905822,0.024819458629639576,0.015065756680203464,False
0.05,0.25,0,converged,12,0.20028581567376258,0.10341962235241156,0.11247555004553852,False
0.05,0.1,1,converged,15,0.03766696338222548,0.01272853983041653,0.010107155561512298,False
0.05,0.25,1,converged,7,0.08186437338750448,0.03920535182362662,0.023679056515463877,False
0.05,0.1,2,converged,9,0.07225799460844118,0.04956239013576329,0.014136831004106511,False
0.05,0.25,2,converged,8,0.2553041216624253,0.14904984296589605,0.13901658807936243,False
0.05,0.1,3,converged,11,0.07689397782450734,0.024602083825264034,0.008705584773501767,False
0.05,0.25,3,converged,9,0.046633358935685515,0.05928836459380458,0.008518836217449175,False
0.05,0.1,4,converged,12,0.06836081082733785,0.08888147316755371,0.020688490668468843,False
0.05,0.25,4,converged,11,0.1938897866458247,0.08983268212837192,0.103546872904283,False
0.05,0.1,5,converged,9,0.07014577505904633,0.020383589152237463,0.03111459378000683,False
0.05,0.25,5,converged,8,0.2352993420539501,0.16649005747648796,0.1118891811872705,False
0.07,0.1,0,converged,12,0.08941886385526175,0.086482092385033,0.05034360478496779,False
0.07,0.25,0,converged,12,0.08941886385526175,0.086482092385033,0.05034360478496779,False
0.07,0.1,1,converged,15,0.059943350568798966,0.002551323231839877,0.025454940161436797,False
0.07,0.25,1,converged,7,0.1406610138915768,0.11974061409514063,0.0488222117425505,False
0.07,0.1,2,converged,10,0.0907327450818363,0.08366265330374731,0.0443045126015689,False
0.07,0.25,2,converged,9,0.22540177024474814,0.06504182935686517,0.11723169706761623,False
0.07,0.1,3,converged,27,0.020026815137848764,0.04260790180715743,0.008632520322600876,False
0.07,0.25,3,converged,12,0.07268631126360141,0.12481685317176601,0.004971389427269207,False
0.07,0.1,4,converged,17,0.08206569879597153,0.03380229166910239,0.03251343751081029,False
0.07,0.25,4,converged,12,0.08105059824746202,0.10757328098021562,0.014912128380491475,False
0.07,0.1,5,converged,27,0.07109830964611508,0.06554237832550523,0.016854299993916,False
0.07,0.25,5,converged,5,0.24231678581461782,0.10575403009534524,0.12772024371806,False
0.1,0.1,0,not_converged,30,0.20187918359292514,0.09719440177765522,0.045281596147465186,False
0.1,0.25,0,converged,7,0.07707814014480042,0.13924448042714072,0.00013367943805476194,False
0.1,0.1,1,converged,24,0.08895583466354356,0.0759811162783054,0.033985219340232194,False
0.1,0.25,1,converged,14,0.14247698017782598,0.14848071060612894,0.06780655357910075,False
0.1,0.1,2,not_converged,30,0.15568520959605645,0.09093323821830694,0.05723722794751052,False
0.1,0.25,2,converged,7,0.037304171340442664,0.07082350484626458,0.003739743273807975,False
0.1,0.1,3,converged,27,0.019424808745644374,0.06351208383576473,0.002412646589648767,False
0.1,0.25,3,converged,13,0.10640285090335878,0.15480820965145553,0.025472124810908336,False
0.1,0.1,4,not_converged,30,0.08756882733758857,0.2305652931044083,0.047139566152155046,False
0.1,0.25,4,converged,9,0.18289118954360584,0.21197468522672527,0.0007009720947221222,False
0.1,0.1,5,not_converged,30,0.18165368700099171,0.301561552103803,0.061002252988856316,False
0.1,0.25,5,converged,9,0.1698602496202699,0.04698739176527399,0.0909396105354137,False
